date,cases_new,cluster_import,cluster_religious,cluster_community,cluster_highRisk,cluster_education,cluster_detentionCentre,cluster_workplace
2020-03-16,553,,,,,,,
2020-03-17,120,,,,,,,
2020-03-18,117,,,,,,,
2020-03-19,110,,,,,,,
2020-03-20,130,,,,,,,
2020-03-21,153,,,,,,,
2020-03-22,123,,,,,,,
2020-03-23,212,,,,,,,
2020-03-24,106,,,,,,,
2020-03-25,172,,,,,,,
2020-03-26,235,,,,,,,
2020-03-27,116,,,,,,,
2020-03-28,173,,,,,,,
2020-03-29,150,,,,,,,
2020-03-30,156,,,,,,,
2020-03-31,140,,,,,,,
2020-04-01,142,,,,,,,
2020-04-02,208,,,,,,,
2020-04-03,217,,,,,,,
2020-04-04,150,,,,,,,
2020-04-05,179,,,,,,,
2020-04-06,131,,,,,,,
2020-04-07,170,,,,,,,
2020-04-08,156,,,,,,,
2020-04-09,109,,,,,,,
2020-04-10,118,,,,,,,
2020-04-11,184,,,,,,,
2020-04-12,153,,,,,,,
2020-04-13,134,,,,,,,
2020-04-14,170,,,,,,,
2020-04-15,85,,,,,,,
2020-04-16,110,,,,,,,
2020-04-17,69,,,,,,,
2020-04-18,54,,,,,,,
2020-04-19,84,,,,,,,
2020-04-20,36,,,,,,,
2020-04-21,57,,,,,,,
2020-04-22,50,,,,,,,
2020-04-23,71,,,,,,,
2020-04-24,88,,,,,,,
2020-04-25,51,,,,,,,
2020-04-26,38,,,,,,,
2020-04-27,40,,,,,,,
2020-04-28,31,,,,,,,
2020-04-29,94,,,,,,,
2020-04-30,57,,,,,,,
2020-05-01,69,,,,,,,
2020-05-02,105,,,,,,,
2020-05-03,122,,,,,,,
2020-05-04,55,,,,,,,
2020-05-05,30,,,,,,,
2020-05-06,45,,,,,,,
2020-05-07,39,,,,,,,
2020-05-08,68,,,,,,,
2020-05-09,54,,,,,,,
2020-05-10,67,,,,,,,
2020-05-11,70,,,,,,,
2020-05-12,16,,,,,,,
2020-05-13,35,,,,,,,
2020-05-14,40,,,,,,,
2020-05-15,36,,,,,,,
2020-05-16,19,,,,,,,
2020-05-17,22,,,,,,,
2020-05-18,47,,,,,,,
2020-05-19,36,,,,,,,
2020-05-20,32,,,,,,,
2020-05-21,50,,,,,,,
2020-05-22,78,,,,,,,
2020-05-23,48,,,,,,,
2020-05-24,60,,,,,,,
2020-05-25,172,,,,,,,
2020-05-26,187,,,,,,,
2020-05-27,15,,,,,,,
2020-05-28,10,,,,,,,
2020-05-29,103,,,,,,,
2020-05-30,30,,,,,,,
2020-05-31,57,,,,,,,
2020-06-01,38,,,,,,,
2020-06-02,20,,,,,,,
2020-06-03,93,,,,,,,
2020-06-04,277,,,,,,,
2020-06-05,19,,,,,,,
2020-06-06,37,,,,,,,
2020-06-07,19,,,,,,,
2020-06-08,7,,,,,,,
2020-06-09,7,,,,,,,
2020-06-10,2,,,,,,,
2020-06-11,31,,,,,,,
2020-06-12,33,,,,,,,
2020-06-13,43,,,,,,,
2020-06-14,8,,,,,,,
2020-06-15,41,,,,,,,
2020-06-16,11,,,,,,,
2020-06-17,10,,,,,,,
2020-06-18,14,,,,,,,
2020-06-19,6,,,,,,,
2020-06-20,21,,,,,,,
2020-06-21,16,,,,,,,
2020-06-22,15,,,,,,,
2020-06-23,3,,,,,,,
2020-06-24,6,,,,,,,
2020-06-25,4,,,,,,,
2020-06-26,6,,,,,,,
2020-06-27,10,,,,,,,
2020-06-28,9,,,,,,,
2020-06-29,3,,,,,,,
2020-06-30,2,,,,,,,
2020-07-01,1,,,,,,,
2020-07-02,3,,,,,,,
2020-07-03,5,,,,,,,
2020-07-04,19,,,,,,,
2020-07-05,5,,,,,,,
2020-07-06,5,,,,,,,
2020-07-07,6,,,,,,,
2020-07-08,3,,,,,,,
2020-07-09,12,,,,,,,
2020-07-10,8,,,,,,,
2020-07-11,9,,,,,,,
2020-07-12,12,,,,,,,
2020-07-13,7,,,,,,,
2020-07-14,4,,,,,,,
2020-07-15,5,,,,,,,
2020-07-16,3,,,,,,,
2020-07-17,17,,,,,,,
2020-07-18,9,,,,,,,
2020-07-19,16,,,,,,,
2020-07-20,21,,,,,,,
2020-07-21,15,,,,,,,
2020-07-22,16,,,,,,,
2020-07-23,9,,,,,,,
2020-07-24,4,,,,,,,
2020-07-25,40,,,,,,,
2020-07-26,13,,,,,,,
2020-07-27,7,,,,,,,
2020-07-28,39,,,,,,,
2020-07-29,12,,,,,,,
2020-07-30,9,,,,,,,
2020-07-31,12,,,,,,,
2020-08-01,9,,,,,,,
2020-08-02,14,,,,,,,
2020-08-03,2,,,,,,,
2020-08-04,1,,,,,,,
2020-08-05,21,,,,,,,
2020-08-06,15,,,,,,,
2020-08-07,25,,,,,,,
2020-08-08,7,,,,,,,
2020-08-09,13,,,,,,,
2020-08-10,11,,,,,,,
2020-08-11,9,,,,,,,
2020-08-12,12,,,,,,,
2020-08-13,15,,,,,,,
2020-08-14,19,,,,,,,
2020-08-15,26,,,,,,,
2020-08-16,25,,,,,,,
2020-08-17,15,,,,,,,
2020-08-18,4,,,,,,,
2020-08-19,16,,,,,,,
2020-08-20,5,,,,,,,
2020-08-21,7,,,,,,,
2020-08-22,10,,,,,,,
2020-08-23,8,,,,,,,
2020-08-24,7,,,,,,,
2020-08-25,13,,,,,,,
2020-08-26,6,,,,,,,
2020-08-27,5,,,,,,,
2020-08-28,10,,,,,,,
2020-08-29,11,,,,,,,
2020-08-30,17,,,,,,,
2020-08-31,6,,,,,,,
2020-09-01,14,,,,,,,
2020-09-02,6,,,,,,,
2020-09-03,14,,,,,,,
2020-09-04,11,,,,,,,
2020-09-05,6,,,,,,,
2020-09-06,6,,,,,,,
2020-09-07,62,,,,,,,
2020-09-08,100,,,,,,,
2020-09-09,24,,,,,,,
2020-09-10,45,,,,,,,
2020-09-11,182,,,,,,,
2020-09-12,58,,,,,,,
2020-09-13,47,,,,,,,
2020-09-14,31,,,,,,,
2020-09-15,23,,,,,,,
2020-09-16,62,,,,,,,
2020-09-17,21,,,,,,,
2020-09-18,95,,,,,,,
2020-09-19,20,,,,,,,
2020-09-20,52,,,,,,,
2020-09-21,57,,,,,,,
2020-09-22,82,,,,,,,
2020-09-23,147,,,,,,,
2020-09-24,71,,,,,,,
2020-09-25,111,,,,,,,
2020-09-26,82,,,,,,,
2020-09-27,150,,,,,,,
2020-09-28,115,,,,,,,
2020-09-29,101,,,,,,,
2020-09-30,89,,,,,,,
2020-10-01,220,,,,,,,
2020-10-02,327,,,,,,,
2020-10-03,317,,,,,,,
2020-10-04,293,,,,,,,
2020-10-05,432,,,,,,,
2020-10-06,691,,,,,,,
2020-10-07,489,,,,,,,
2020-10-08,375,,,,,,,
2020-10-09,354,,,,,,,
2020-10-10,374,,,,,,,
2020-10-11,561,,,,,,,
2020-10-12,563,,,,,,,
2020-10-13,660,,,,,,,
2020-10-14,660,,,,,,,
2020-10-15,589,,,,,,,
2020-10-16,629,,,,,,,
2020-10-17,869,,,,,,,
2020-10-18,871,,,,,,,
2020-10-19,865,,,,,,,
2020-10-20,862,,,,,,,
2020-10-21,732,,,,,,,
2020-10-22,847,,,,,,,
2020-10-23,710,,,,,,,
2020-10-24,1228,,,,,,,
2020-10-25,823,,,,,,,
2020-10-26,1240,,,,,,,
2020-10-27,835,,,,,,,
2020-10-28,801,,,,,,,
2020-10-29,649,,,,,,,
2020-10-30,799,,,,,,,
2020-10-31,659,,,,,,,
2020-11-01,957,,,,,,,
2020-11-02,834,,,,,,,
2020-11-03,1054,,,,,,,
2020-11-04,1032,,,,,,,
2020-11-05,1009,,,,,,,
2020-11-06,1755,,,,,,,
2020-11-07,1168,,,,,,,
2020-11-08,852,,,,,,,
2020-11-09,972,,,,,,,
2020-11-10,869,,,,,,,
2020-11-11,822,,,,,,,
2020-11-12,919,,,,,,,
2020-11-13,1304,,,,,,,
2020-11-14,1114,,,,,,,
2020-11-15,1208,,,,,,,
2020-11-16,1103,,,,,,,
2020-11-17,1210,,,,,,,
2020-11-18,660,,,,,,,
2020-11-19,1290,,,,,,,
2020-11-20,958,,,,,,,
2020-11-21,1041,,,,,,,
2020-11-22,1096,,,,,,,
2020-11-23,1884,,,,,,,
2020-11-24,2188,,,,,,,
2020-11-25,970,,,,,,,
2020-11-26,935,,,,,,,
2020-11-27,1109,,,,,,,
2020-11-28,1315,,,,,,,
2020-11-29,1309,,,,,,,
2020-11-30,1212,,,,,,,
2020-12-01,1472,,,,,,,
2020-12-02,851,,,,,,,
2020-12-03,1075,,,,,,,
2020-12-04,1141,,,,,,,
2020-12-05,1123,,,,,,,
2020-12-06,1335,,,,,,,
2020-12-07,1600,,,,,,,
2020-12-08,1012,,,,,,,
2020-12-09,959,,,,,,,
2020-12-10,2234,,,,,,,
2020-12-11,1810,,,,,,,
2020-12-12,1937,,,,,,,
2020-12-13,1229,,,,,,,
2020-12-14,1371,,,,,,,
2020-12-15,1772,,,,,,,
2020-12-16,1295,,,,,,,
2020-12-17,1220,,,,,,,
2020-12-18,1683,,,,,,,
2020-12-19,1153,,,,,,,
2020-12-20,1340,,,,,,,
2020-12-21,2018,,,,,,,
2020-12-22,2062,,,,,,,
2020-12-23,1348,,,,,,,
2020-12-24,1581,,,,,,,
2020-12-25,1247,,,,,,,
2020-12-26,2335,,,,,,,
2020-12-27,1196,,,,,,,
2020-12-28,1596,,,,,,,
2020-12-29,1923,,,,,,,
2020-12-30,1870,,,,,,,
2020-12-31,2525,,,,,,,
2021-01-01,2068,0,0,35,17,0,18,671
2021-01-02,2295,0,2,30,33,0,135,882
2021-01-03,1704,0,0,41,25,0,83,432
2021-01-04,1741,0,0,47,7,0,37,518
2021-01-05,2027,0,0,30,14,0,111,590
2021-01-06,2593,0,2,21,12,0,81,1463
2021-01-07,3410,0,2,38,8,0,63,1403
2021-01-08,2260,0,0,75,10,0,131,935
2021-01-09,2451,0,1,91,7,0,327,472
2021-01-10,2433,0,7,83,13,0,86,492
2021-01-11,2232,0,5,127,12,0,197,348
2021-01-12,3309,0,4,208,16,0,439,769
2021-01-13,2985,0,10,151,6,0,296,589
2021-01-14,3337,0,1,260,12,0,153,921
2021-01-15,3211,0,15,92,20,0,12,1068
2021-01-16,4029,0,4,114,6,0,110,1168
2021-01-17,3339,0,4,140,13,0,162,937
2021-01-18,3306,0,4,135,40,0,107,854
2021-01-19,3631,0,19,170,12,0,310,513
2021-01-20,4008,0,9,225,48,0,113,966
2021-01-21,3170,0,0,157,48,0,26,346
2021-01-22,3631,0,15,177,54,0,89,538
2021-01-23,4275,0,7,211,22,0,68,595
2021-01-24,3346,0,24,211,8,0,242,537
2021-01-25,3048,0,13,102,29,0,62,505
2021-01-26,3585,0,11,209,21,0,59,414
2021-01-27,3680,0,28,124,25,0,64,1170
2021-01-28,4094,0,19,129,27,0,27,564
2021-01-29,5725,0,21,150,10,0,419,1116
2021-01-30,5728,0,11,154,9,0,132,1337
2021-01-31,5298,0,8,97,82,0,97,1349
2021-02-01,4214,0,12,89,55,0,116,917
2021-02-02,3455,0,16,62,9,0,77,1089
2021-02-03,4284,0,5,127,14,0,122,1465
2021-02-04,4571,0,11,149,14,0,237,1268
2021-02-05,3391,0,6,88,39,0,145,762
2021-02-06,3847,0,6,120,15,0,133,1020
2021-02-07,3731,0,2,138,11,0,43,1164
2021-02-08,3100,0,1,26,14,0,29,1426
2021-02-09,2764,0,1,22,10,0,51,789
2021-02-10,3288,0,0,43,23,0,63,1309
2021-02-11,3384,0,0,94,28,0,93,1388
2021-02-12,3318,0,0,36,11,0,37,1459
2021-02-13,3499,0,0,91,16,0,70,1365
2021-02-14,2464,0,11,79,3,0,54,627
2021-02-15,2176,0,0,45,9,0,64,497
2021-02-16,2720,0,0,85,11,0,57,1372
2021-02-17,2998,0,0,83,63,0,103,1302
2021-02-18,2712,0,40,35,39,0,43,1118
2021-02-19,2936,0,5,37,11,0,112,1230
2021-02-20,2461,0,20,61,3,0,298,743
2021-02-21,3297,0,7,38,8,0,124,1870
2021-02-22,2192,0,1,88,7,0,110,824
2021-02-23,2468,0,0,74,3,0,175,805
2021-02-24,3545,0,0,70,19,0,29,2338
2021-02-25,1924,0,1,76,26,0,105,442
2021-02-26,2253,0,11,140,27,0,95,863
2021-02-27,2364,0,4,157,6,0,52,801
2021-02-28,2437,0,0,114,9,0,85,1131
2021-03-01,1828,0,0,56,4,0,113,737
2021-03-02,1555,0,1,56,4,0,113,737
2021-03-03,1745,0,0,42,3,0,47,665
2021-03-04,2063,0,0,105,15,0,99,645
2021-03-05,2154,0,6,65,1,0,81,813
2021-03-06,1680,0,0,64,15,0,54,428
2021-03-07,1683,0,1,60,1,0,61,454
2021-03-08,1529,0,6,34,1,0,34,232
2021-03-09,1280,0,0,97,13,0,5,357
2021-03-10,1448,8,0,87,2,0,15,587
2021-03-11,1647,0,2,88,4,0,116,399
2021-03-12,1575,0,0,53,3,0,69,244
2021-03-13,1470,0,0,53,0,0,89,270
2021-03-14,1354,0,0,48,0,0,64,209
2021-03-15,1208,0,1,59,1,0,6,238
2021-03-16,1063,0,1,76,0,0,8,247
2021-03-17,1219,4,1,88,0,0,39,377
2021-03-18,1213,0,0,49,2,0,142,195
2021-03-19,1576,0,0,80,0,0,298,454
2021-03-20,1671,0,0,53,3,0,236,326
2021-03-21,1327,3,0,67,0,14,0,343
2021-03-22,1116,0,0,19,1,10,111,361
2021-03-23,1384,2,0,35,0,8,37,592
2021-03-24,1268,0,0,34,22,7,41,385
2021-03-25,1360,0,0,110,1,16,62,207
2021-03-26,1275,0,0,47,0,31,22,300
2021-03-27,1199,0,0,117,6,32,8,243
2021-03-28,1302,0,0,28,0,22,283,223
2021-03-29,941,0,0,26,0,21,63,155
2021-03-30,1133,0,0,41,1,28,87,213
2021-03-31,1482,0,0,47,7,62,39,540
2021-04-01,1178,0,0,46,3,25,31,270
2021-04-02,1294,0,0,43,16,23,22,330
2021-04-03,1638,0,0,111,4,19,15,624
2021-04-04,1349,0,0,105,7,18,197,254
2021-04-05,1070,0,0,97,1,26,14,116
2021-04-06,1300,0,9,70,0,35,144,176
2021-04-07,1139,4,1,179,13,8,27,156
2021-04-08,1285,0,5,63,0,13,105,186
2021-04-09,1854,0,2,190,0,32,58,241
2021-04-10,1510,0,2,91,3,8,34,131
2021-04-11,1739,0,2,141,0,25,56,339
2021-04-12,1317,0,0,71,0,3,8,236
2021-04-13,1767,0,7,142,1,47,21,342
2021-04-14,1889,0,28,116,1,59,94,235
2021-04-15,2148,0,33,270,0,118,57,332
2021-04-16,2551,0,34,93,0,446,82,227
2021-04-17,2331,0,37,99,0,185,39,179
2021-04-18,2195,0,19,74,0,183,18,356
2021-04-19,2078,0,17,182,0,175,13,171
2021-04-20,2341,0,3,121,0,235,4,95
2021-04-21,2340,0,14,121,0,325,40,120
2021-04-22,2875,0,37,65,1,501,51,152
2021-04-23,2847,0,17,131,0,283,62,97
2021-04-24,2717,0,19,108,0,242,21,128
2021-04-25,2690,0,50,121,0,166,18,349
2021-04-26,2776,0,56,113,0,105,17,287
2021-04-27,2733,0,17,105,17,161,36,256
2021-04-28,3142,0,34,144,18,213,5,57
2021-04-29,3332,0,47,138,1,151,45,127
2021-04-30,3788,0,36,208,11,271,42,217
2021-05-01,2881,0,41,124,0,260,97,166
2021-05-02,3418,0,26,253,1,306,6,172
2021-05-03,2500,0,86,124,0,142,7,245
2021-05-04,3120,0,50,152,0,230,70,199
2021-05-05,3744,0,34,141,0,126,34,204
2021-05-06,3551,0,58,121,9,195,3,360
2021-05-07,4498,0,110,213,2,168,4,376
2021-05-08,4519,0,91,124,5,67,10,433
2021-05-09,3733,0,54,143,8,83,4,378
2021-05-10,3807,0,129,216,0,84,1,210
2021-05-11,3973,0,90,137,18,207,0,181
2021-05-12,4765,0,38,169,4,137,46,382
2021-05-13,4855,0,69,180,3,255,0,323
2021-05-14,4113,0,111,215,28,52,0,383
2021-05-15,4140,0,169,179,13,57,29,397
2021-05-16,3780,0,158,111,3,49,0,262
2021-05-17,4446,0,131,203,7,74,0,230
2021-05-18,4865,0,158,182,6,74,0,181
2021-05-19,6075,0,267,193,1,107,0,687
2021-05-20,6806,0,359,230,16,158,0,527
2021-05-21,6493,0,310,149,1,75,2,362
2021-05-22,6320,0,240,230,25,38,0,365
2021-05-23,6976,0,336,317,15,50,6,422
2021-05-24,6509,19,244,310,25,45,12,505
2021-05-25,7289,0,278,312,43,43,0,367
2021-05-26,7478,0,259,234,5,63,0,411
2021-05-27,7857,0,247,311,14,43,48,335
2021-05-28,8290,0,294,298,7,57,60,625
2021-05-29,9020,0,328,385,18,30,78,486
2021-05-30,6999,0,161,641,117,399,0,1091
2021-05-31,6824,0,148,268,14,33,0,620
2021-06-01,7105,0,201,309,22,33,0,469
2021-06-02,7703,0,145,265,16,24,54,538
2021-06-03,8209,54,197,270,3,22,5,903
2021-06-04,7748,0,83,213,4,70,2,879
2021-06-05,7452,0,148,274,17,8,66,791
2021-06-06,6241,0,64,250,3,35,58,601
2021-06-07,5271,0,66,233,31,34,11,442
2021-06-08,5566,0,72,268,72,31,7,830
2021-06-09,6239,0,47,212,23,28,109,589
2021-06-10,5671,0,66,218,21,48,4,825
2021-06-11,6849,0,39,185,45,22,30,1865
2021-06-12,5793,1,28,233,24,12,44,859
2021-06-13,5331,0,39,201,13,33,0,931
2021-06-14,4922,0,13,144,46,15,35,881
2021-06-15,5419,0,25,218,65,4,3,843
2021-06-16,5150,0,7,130,46,4,2,618
2021-06-17,5738,0,12,239,16,7,31,1094
2021-06-18,6440,0,18,158,49,1,101,1348
2021-06-19,5911,0,10,266,82,23,263,1163
2021-06-20,5293,0,19,192,33,4,78,1116
2021-06-21,4611,0,3,312,16,1,221,917
2021-06-22,4743,0,10,219,36,15,85,826
2021-06-23,5244,0,24,316,32,33,46,805
2021-06-24,5841,0,11,372,43,5,79,1059
2021-06-25,5812,0,0,386,33,17,84,1318
2021-06-26,5803,0,13,225,16,21,203,1133
2021-06-27,5586,0,2,240,58,4,202,1325
2021-06-28,5218,0,1,278,12,18,111,1074
2021-06-29,6437,0,2,444,32,5,86,1332
2021-06-30,6276,0,8,259,62,9,104,877
2021-07-01,6988,0,0,305,41,23,209,1341
2021-07-02,6982,0,10,339,99,2,13,1358
2021-07-03,6658,0,0,244,13,3,187,1152
2021-07-04,6045,0,7,297,73,10,34,1121
2021-07-05,6387,0,0,350,55,0,40,1182
2021-07-06,7654,0,0,288,42,45,46,1746
2021-07-07,7097,0,1,370,82,92,166,927
2021-07-08,8868,0,6,474,75,23,25,1645
2021-07-09,9180,0,2,339,41,5,169,1462
2021-07-10,9353,0,12,359,73,13,80,2135
2021-07-11,9105,0,4,496,54,1,15,1271
2021-07-12,8574,0,3,356,52,7,138,931
2021-07-13,11079,0,6,587,41,0,214,1375
2021-07-14,11618,0,0,430,189,3,97,1070
2021-07-15,13215,0,1,654,67,54,195,1207
2021-07-16,12541,0,2,468,99,36,179,1518
2021-07-17,12528,0,0,425,100,41,268,1772
2021-07-18,10710,0,0,375,69,34,358,1015
2021-07-19,10972,4,0,416,55,22,247,1358
2021-07-20,12366,0,0,369,128,20,369,1062
2021-07-21,11985,0,19,463,107,89,77,952
2021-07-22,13034,0,2,611,72,52,191,1163
2021-07-23,15573,0,19,474,142,17,101,864
2021-07-24,15902,8,3,515,89,36,123,"1,298"
2021-07-25,17045,0,3,711,87,28,114,"1,552"
2021-07-26,14516,3,9371,163201,2902,2763,707,2002,960,9727,871,0,7,559,57,19,29,1504
2021-07-27,16117,26,11526,167519,2958,3528,920,2230,1124,11404,1079,0,1,619,90,30,95,1365
2021-07-28,17405,6,12373,172231,2951,4150,1101,2473,1185,11987,1195,0,6,621,125,25,74,1580
2021-07-29,17170,32,12930,176183,2423,4184,1101,2453,1171,12148,1047,0,2,567,77,19,266,968
2021-07-30,16840,17,12179,180517,3075,4155,1114,2337,1174,11633,1068,0,5,822,84,9,61,1569
2021-07-31,17786,9,11718,186273,3046,4435,1238,2718,1393,12186,1147,0,49,825,64,8,84,1283
2021-08-01,17150,1,11326,191772,3000,4699,1179,2547,1286,11692,1206,0,2,626,140,13,24,1525
2021-08-02,15764,6,11767,195395,2625,4309,1127,2281,1136,10749,1035,0,18,559,58,45,106,1256
2021-08-03,17105,37,12297,199864,2400,4746,1332,2493,1270,11722,1147,0,20,556,81,20,44,906
2021-08-04,19819,23,12704,206673,2953,5571,1545,2831,1393,13734,1313,0,23,748,36,29,74,1169
2021-08-05,20596,34,13893,213066,3084,6600,1714,2689,1408,14649,1292,0,12,682,65,41,165,1346
2021-08-06,20889,13,16394,217204,2657,6938,1840,2808,1336,14806,1320,0,16,492,64,22,92,1260
2021-08-07,19257,16,16323,219806,2771,6365,1718,2589,1380,13305,1388,0,20,579,32,14,97,1080
2021-08-08,18688,10,17055,221120,2585,5975,1720,2611,1321,13051,1321,0,88,475,80,12,106,1172
2021-08-09,17236,29,15187,222866,2392,5569,1648,2363,1269,11801,1140,0,17,534,14,4,182,933
2021-08-10,19991,0,16258,226193,2866,6606,1923,2772,1470,13452,1401,0,32,716,24,29,49,1236
2021-08-11,20780,15,17973,228714,2659,6596,2075,2980,1454,14497,1373,0,33,654,69,8,17,1262
2021-08-12,21668,58,17687,232401,2544,7001,2425,2946,1512,15088,1509,0,11,621,33,15,81,1120
2021-08-13,21468,25,17025,236581,2692,7203,2404,2758,1466,14615,1534,0,15,391,144,43,33,1230
2021-08-14,20670,8,17655,239321,2402,6827,2391,2810,1481,14256,1500,0,6,517,83,19,71,1150
2021-08-15,20546,14,16945,242633,2600,6812,2490,5766,27,12926,1359,0,9,555,48,28,259,1112
2021-08-16,19740,19,17450,244633,3058,6353,2684,3525,978,13195,1329,0,12,615,71,16,52,1571
2021-08-17,19631,7,16467,247547,2265,6196,2723,2850,1431,13404,1422,0,13,561,55,2,175,1042
2021-08-18,22242,4,19680,249836,2878,7145,3198,3096,1623,15079,1523,0,24,556,61,4,80,1395
2021-08-19,22948,9,21720,250808,2343,7145,3309,3062,1685,16041,1624,0,27,481,44,10,136,1131
2021-08-20,23564,23,21448,252692,3031,7193,4224,3469,1840,15921,1643,0,6,764,31,33,38,1588
2021-08-21,22262,40,18576,256132,2331,6882,3911,3184,1701,14914,1687,0,21,601,61,12,183,1104
2021-08-22,19807,5,18200,257437,2177,5870,3414,3026,1581,13223,1449,0,7,416,36,4,97,1033
2021-08-23,17672,8,19053,255785,2010,5187,3377,2634,1374,11752,1476,0,6,588,93,5,73,904
2021-08-24,20837,22,18613,257824,2514,6260,3926,3081,1592,13920,1523,0,10,457,29,2,76,1480
2021-08-25,22642,5,20798,259434,2499,6893,4504,3263,1762,14990,1767,0,11,424,68,3,186,1384
2021-08-26,24599,8,22657,261107,3394,7278,4872,3480,1723,16440,1838,0,24,542,93,35,73,1944
2021-08-27,22070,15,21877,261065,2126,6442,5028,3070,1718,14957,1658,0,2,474,17,3,150,1022
2021-08-28,22597,12,19492,263932,2551,6746,5288,3283,1742,14810,1781,0,6,467,84,7,92,1505
2021-08-29,20579,7,20845,263421,2595,5616,4893,3124,1689,13617,1489,0,12,392,16,4,81,1458
2021-08-30,19268,16,21257,261161,2097,5209,4639,3014,1584,12553,1603,0,4,460,37,72,89,1034
2021-08-31,20897,1,18465,263338,1454,5803,5548,3003,1676,14045,1723,0,1,260,38,11,43,734
2021-09-01,18762,5,21073,260760,2107,4900,5461,2861,1488,12403,1595,0,3,515,42,16,23,1109
2021-09-02,20988,1,23473,258050,2142,5103,6234,3100,1797,13856,1866,0,5,351,112,52,81,1110
2021-09-03,19378,14,22399,254813,2223,4701,5987,3036,1488,12754,1678,0,5,562,64,12,102,1191
2021-09-04,19057,10,21582,252065,1760,4489,6173,2959,1652,12252,1757,0,4,250,8,100,54,886
2021-09-05,20396,8,20573,251639,2347,4637,6820,3146,1641,13505,1797,0,6,447,98,23,41,1385
2021-09-06,17352,8,20201,248558,1758,3983,5945,2701,1436,11345,1534,0,0,204,63,23,71,1015
2021-09-07,18547,18,18902,247979,2177,4143,6101,2931,1577,11981,1649,0,0,592,66,19,74,1082
2021-09-08,19733,3,22701,244765,2095,4456,6965,3021,1612,12987,1826,0,1,466,48,58,85,1038
2021-09-09,19307,6,24855,239008,1577,4268,6871,2993,1610,12834,1673,0,0,332,0,74,39,918
2021-09-10,21176,4,21476,238498,2162,4673,7908,3391,1822,13598,1941,0,0,326,36,40,23,1446
2021-09-11,19550,7,21771,236067,2144,3975,7250,3123,1646,12714,1738,0,0,551,99,51,38,1052
2021-09-12,19198,5,20980,234063,1916,3760,7833,3036,1701,12338,1882,0,2,544,12,9,69,947
2021-09-13,16073,21,24813,225146,1547,3271,6361,2591,1414,10263,1514,0,20,427,42,11,32,674
2021-09-14,15669,17,18053,222571,1041,3437,6115,2650,1319,10053,1417,0,6,360,35,5,20,498
2021-09-15,19495,11,18760,223101,1389,3453,8377,3318,1711,12370,1875,0,16,485,91,39,15,556
2021-09-16,18815,7,16939,224797,1627,3713,7900,3160,1517,12145,1725,0,4,456,47,45,54,775
2021-09-17,17577,3,22970,219218,1742,3539,7212,2682,1413,11600,1601,0,3,432,31,13,20,1055
2021-09-18,15549,5,17205,217398,1251,3136,6640,2525,1309,9952,1540,0,1,331,48,23,22,693
2021-09-19,14954,11,23469,208730,1216,2866,6397,2420,1269,9596,1412,0,8,196,39,3,72,720
2021-09-20,14345,43,16814,206115,1157,2558,6470,2416,1249,9024,1449,24,4,447,7,1,10,523
2021-09-21,15759,27,16650,205075,1223,2797,7299,2540,1416,9968,1554,0,3,301,45,15,2,622
2021-09-22,14990,5,19702,200222,991,2739,6817,2534,1309,9483,1470,0,8,210,35,49,17,595
2021-09-23,13754,4,16628,197200,1111,2195,6334,2422,1132,8790,1329,0,1,303,20,7,6,658
2021-09-24,14554,9,16751,194859,1079,2214,7183,2413,1269,9236,1491,0,0,405,45,34,4,582
2021-09-25,13899,6,18074,190531,898,1897,6853,2363,1171,8608,1504,0,3,284,72,23,24,470
2021-09-26,13104,8,20971,182547,825,1985,6600,2203,1133,8245,1360,0,0,222,6,51,5,541
2021-09-27,10959,12,16430,176952,797,1474,5653,1826,960,6781,1301,0,0,256,66,30,15,430
2021-09-28,11332,23,14160,174031,715,1553,5790,1945,985,7081,1240,0,3,298,0,3,56,355
2021-09-29,12434,8,17000,169364,710,1633,6731,1950,960,7990,1386,0,0,328,18,7,13,344
2021-09-30,12735,17,17725,164278,764,1665,6837,2242,1115,7935,1281,0,0,294,24,11,3,432
2021-10-01,11889,14,15891,160223,868,1468,6561,2081,921,7473,1277,0,6,439,22,8,0,393
2021-10-02,10915,7,15396,155719,656,1295,5834,1951,938,6756,1166,0,0,194,79,1,2,380
2021-10-03,9066,12,14454,150317,388,1117,4939,1700,764,5348,1087,0,1,224,17,1,5,140
2021-10-04,8075,6,15456,142562,731,1097,4287,1353,641,5050,948,0,5,73,25,8,7,613
2021-10-05,8817,14,15615,135685,619,1062,5106,1386,686,5624,1007,0,0,199,30,10,3,377
2021-10-06,9380,13,13045,131981,426,1044,5338,1656,752,5877,1024,0,2,147,35,6,2,234
2021-10-07,9890,18,12884,128974,697,1147,5647,1731,766,6167,1164,0,0,240,111,41,5,300
2021-10-08,9751,15,12724,125999,382,1033,5687,1728,757,6033,1132,0,0,157,17,16,8,184
2021-10-09,8743,14,14422,120246,,,,,,,,0,0,271,105,42,0,203
2021-10-10,7373,2,10959,116596,,,,,,,,0,1,142,48,15,3,125
2021-10-11,6709,6,10833,112379,,,,,,,,0,5,137,28,7,0,105
2021-10-12,7276,10,10555,108711,379,776,4427,1236,581,4486,883,0,10,140,20,64,0,145
2021-10-13,7950,29,10832,105764,500,777,4950,1312,524,4964,1004,0,24,95,78,66,44,193
2021-10-14,8084,21,12456,101342,352,721,4996,1462,538,5020,1005,0,10,78,75,34,0,155
2021-10-15,7420,17,11413,97296,416,609,4591,1390,410,4655,918,0,0,86,18,27,6,279
2021-10-16,7509,16,9531,95223,327,586,4729,1283,463,4790,851,0,0,64,40,67,3,153
2021-10-17,6145,12,9231,92111,402,511,3794,1156,356,3829,750,0,0,140,12,14,5,231
2021-10-18,5434,5,8435,89104,356,445,3518,919,311,3493,683,0,14,45,24,34,0,239
2021-10-19,5745,12,8933,85916,219,423,3670,984,297,3718,688,0,3,32,4,32,0,148
2021-10-20,5516,14,9401,81955,,,,,,,,0,0,34,19,10,0,143
2021-10-21,6210,42,7562,81514,303,450,4087,1118,316,3957,794,0,6,66,19,19,0,193
2021-10-22,6630,15,7630,80447,250,455,4382,1200,290,4257,826,0,9,100,4,31,0,106
2021-10-23,5828,7,9178,77036,256,398,3802,1069,277,3717,715,0,6,68,12,8,0,162
2021-10-24,5666,20,6978,75671,148,354,3699,1112,280,3560,689,0,7,37,10,3,0,91
2021-10-25,4782,15,7414,72977,109,262,3180,962,209,2957,622,0,5,12,5,21,0,66
2021-10-26,5726,15,5607,73053,210,321,3915,1030,255,3645,726,0,0,15,1,25,0,169
2021-10-27,6148,21,7595,71566,200,334,4172,1114,255,3951,782,0,5,30,3,14,0,148
2021-10-28,6377,32,6637,71295,231,300,4301,1178,258,4109,791,0,2,27,26,35,1,140
2021-10-29,6060,13,7297,70058,200,279,4216,1110,245,3918,723,0,3,32,18,60,0,87
2021-10-30,5854,13,6715,68925,274,323,3900,1023,266,3779,744,0,0,40,10,50,0,174
2021-10-31,4979,23,6127,67740,121,213,3453,855,194,3241,685,0,0,12,3,37,0,69
2021-11-01,4626,6,5299,67012,144,194,3229,818,151,2976,646,0,0,12,26,28,0,78
2021-11-02,5071,15,5372,66664,146,209,3509,829,175,3291,715,0,0,15,3,7,0,121
2021-11-03,5291,7,4947,66954,149,218,3685,884,199,3513,643,0,4,39,2,8,4,92
2021-11-04,5713,32,5865,66751,162,193,4031,1004,191,3734,734,0,0,19,18,18,2,105
2021-11-05,4922,10,5579,66037,154,150,3543,824,173,3215,677,0,0,60,0,35,0,59
2021-11-06,4701,28,5382,65315,112,160,3266,847,164,2999,686,0,0,0,21,9,0,82
2021-11-07,4343,9,5190,64412,124,113,3078,711,150,2820,604,0,0,29,0,5,0,90
2021-11-08,4543,15,7348,61558,80,127,3251,762,150,2924,667,0,1,1,3,10,2,63
2021-11-09,5403,25,5311,61611,134,150,3777,948,208,3540,657,0,0,8,5,46,0,75
2021-11-10,6243,24,5068,62764,247,196,4536,1015,207,4208,812,0,0,2,19,55,2,169
2021-11-11,6323,25,5337,63733,135,161,4530,1099,245,4147,770,0,0,6,24,24,0,81
2021-11-12,6517,16,6026,64222,240,162,4751,1093,246,4288,823,0,0,26,13,69,0,132
2021-11-13,5809,27,4712,65319,118,139,4229,951,178,3839,810,0,0,2,29,28,0,59
2021-11-14,5162,11,5019,65193,106,1251,82,3770,59,904,181,3256,783,362,542,181,1030,1067,662,497,482,229,72,0,0,3,28,5,0,70
2021-11-15,5143,13,4551,65741,151,1270,65,3744,64,863,195,3381,677,340,523,195,1210,1029,624,518,431,175,71,0,0,0,2,93,5,51
2021-11-16,5413,17,6013,65095,198,1334,85,3893,101,939,220,3508,699,363,576,220,1134,1069,696,609,445,181,73,0,0,39,5,16,0,138
2021-11-17,6288,22,4743,66579,139,1459,73,4671,85,1049,225,4185,787,396,653,225,1349,1347,781,708,498,221,68,0,0,34,0,15,0,113
2021-11-18,6380,28,5760,67164,247,1535,71,4651,123,1054,241,4253,832,407,647,241,1367,1360,861,665,496,259,77,0,0,27,41,68,0,111
2021-11-19,6355,31,5031,68443,168,1645,74,4514,122,1171,228,4193,728,468,703,228,1397,1282,863,651,479,197,52,0,0,18,7,40,0,103
2021-11-20,5859,19,4970,69294,156,1479,69,4187,124,1011,251,3846,730,378,633,251,1198,1225,795,628,458,210,62,0,0,21,0,34,0,101
2021-11-21,4854,12,5525,68577,114,1143,53,3569,89,779,189,3260,604,314,465,189,1063,1065,621,511,378,158,68,0,0,14,4,8,5,83
2021-11-22,4885,18,5628,67793,228,1165,49,3578,93,806,200,3205,661,306,500,200,1048,1021,620,516,385,200,76,0,0,14,2,42,3,167
2021-11-23,5594,24,4908,68430,212,1364,75,4049,106,928,212,3760,677,339,589,212,1191,1154,779,636,435,193,49,0,23,4,6,88,0,91
2021-11-24,5755,23,5082,69060,175,1422,73,4114,146,950,227,3798,745,350,600,227,1245,1188,808,557,468,194,83,0,3,16,3,36,0,117
2021-11-25,6144,12,6602,68552,205,1489,60,4470,125,1028,245,4033,817,394,634,245,1338,1253,801,641,514,229,74,0,15,22,16,28,0,124
2021-11-26,5501,25,6664,67346,123,1320,56,4014,111,906,196,3722,661,342,564,196,1203,1175,764,580,420,185,56,0,11,8,5,52,0,47
2021-11-27,5097,17,5352,67045,165,1238,53,3696,110,817,212,3409,631,315,502,212,1064,1093,684,568,399,174,58,0,6,8,45,40,30,36
2021-11-28,4239,12,5007,66239,88,1033,33,3081,92,722,155,2818,524,272,450,155,932,840,564,482,334,143,47,0,4,6,2,30,0,46
2021-11-29,4087,21,4984,65301,182,1031,36,2936,84,692,202,2626,546,271,421,202,878,776,551,421,331,163,52,0,0,23,6,109,0,44
2021-11-30,4879,24,5168,64978,97,1125,55,3595,104,787,209,3290,583,308,479,209,1072,974,708,536,358,165,60,0,25,0,28,33,0,31
2021-12-01,5439,21,6803,63583,110,1363,54,3900,122,891,197,3668,645,338,553,197,1172,1183,767,546,387,197,61,0,25,0,8,33,0,31
2021-12-02,5806,11,7246,62099,339,1325,40,4271,170,950,304,3875,643,344,606,304,1279,1207,779,610,410,174,59,0,14,2,13,148,52,110
2021-12-03,5551,23,5301,62303,179,1312,46,4046,147,916,304,3683,626,359,557,304,1270,1154,737,522,411,167,48,0,6,0,3,104,0,66
2021-12-04,4896,18,4676,62481,159,1143,56,3529,168,830,211,3298,537,330,500,211,1120,1030,648,500,327,158,52,0,3,1,22,52,0,81
2021-12-05,4298,23,4928,61813,136,1017,38,3093,150,734,184,2866,509,281,453,184,1008,898,535,425,330,130,49,0,13,3,12,69,0,39
2021-12-06,4262,15,5894,60139,97,1036,39,3056,131,707,185,2804,542,289,418,185,952,867,560,425,352,141,49,0,10,0,2,30,0,55
2021-12-07,4965,29,4817,60251,138,1130,46,3642,147,763,229,3314,645,305,458,229,1111,1040,673,490,395,169,81,0,3,13,39,36,0,47
2021-12-08,5020,17,4525,60709,154,1162,41,3674,143,768,223,3434,575,301,467,223,1148,1042,712,532,378,154,43,0,2,3,0,32,1,116
2021-12-09,5446,20,5427,60700,367,1207,53,4034,152,840,282,3724,574,335,505,282,1300,1251,688,485,367,161,46,0,0,1,8,153,0,205
2021-12-10,5058,17,4997,60731,190,1227,43,3631,157,816,223,3410,581,311,505,223,1138,1139,671,462,356,163,62,0,3,1,12,52,0,122
2021-12-11,4626,20,4690,60642,105,1105,38,3339,144,757,192,3113,553,269,488,192,1079,1002,618,414,340,154,59,0,0,5,6,18,0,76
2021-12-12,3490,14,5399,58704,167,803,27,2531,129,522,143,2318,487,201,321,143,811,718,428,361,276,136,75,0,0,8,41,42,0,76
2021-12-13,3504,24,4401,57776,103,796,29,2571,108,551,154,2317,475,237,314,154,776,736,421,384,296,142,37,0,0,30,12,27,0,34
2021-12-14,4097,18,4301,57539,152,953,43,2963,138,633,159,2771,511,253,380,159,884,921,566,400,312,149,50,0,0,0,17,12,0,123
2021-12-15,3900,19,4552,56859,137,879,24,2853,144,562,139,2720,458,220,342,139,955,837,550,378,289,129,40,0,0,8,17,49,1,62
2021-12-16,4262,36,4985,56109,125,952,29,3110,171,624,142,2927,521,254,370,142,1011,949,572,395,343,132,46,2,0,15,1,19,0,88
2021-12-17,4362,28,5098,55329,208,965,46,3172,179,648,193,2976,490,266,382,193,1011,986,576,403,298,128,64,0,0,31,46,30,0,101
2021-12-18,4083,34,5435,53940,209,1019,23,2895,146,660,142,2757,503,271,389,142,963,882,526,386,327,134,42,0,0,12,21,4,0,172
2021-12-19,3108,37,3701,53313,88,691,22,2252,143,451,105,2152,390,182,269,105,746,696,437,273,249,119,22,0,0,18,0,22,0,48
2021-12-20,2589,46,3810,52051,34,651,21,1821,96,458,99,1659,370,196,262,99,555,555,314,235,251,85,34,2,0,10,0,5,2,15
2021-12-21,3140,58,4277,50885,47,740,25,2214,161,501,152,2054,391,183,318,152,702,662,406,284,252,106,33,0,0,1,1,25,0,20
2021-12-22,3519,100,5118,49267,79,822,28,2500,169,515,163,2369,444,212,303,163,802,774,442,351,265,149,30,6,0,4,46,9,0,14
2021-12-23,3510,95,4997,47750,59,754,17,2550,189,527,133,2387,443,235,292,133,824,739,480,344,282,113,48,5,2,20,15,2,1,14
2021-12-24,3528,103,4489,46763,94,771,26,2526,205,531,148,2409,420,210,321,148,854,772,440,343,267,111,42,0,0,35,6,8,0,45
2021-12-25,3160,156,4420,45480,71,672,13,2263,212,447,135,2131,431,190,257,135,734,649,416,332,276,121,34,0,1,17,10,16,0,27
2021-12-26,2778,129,3539,44702,58,638,12,1952,176,432,120,1855,370,180,252,120,620,578,364,293,219,114,37,0,3,1,0,4,0,50
2021-12-27,2757,147,4620,42811,88,589,15,1975,178,411,143,1854,343,148,263,143,627,597,327,303,214,103,26,5,0,14,9,5,0,55
2021-12-28,2897,192,3434,42243,51,603,15,2099,180,417,137,1957,352,167,250,137,674,611,379,293,226,85,41,2,0,22,3,6,0,18
2021-12-29,3683,239,4322,41576,104,730,19,2678,256,490,145,2530,499,192,298,145,880,815,458,377,329,124,46,9,1,3,0,5,0,86
2021-12-30,3997,366,3984,41562,87,881,19,2796,301,578,182,2674,546,222,356,182,925,834,492,423,353,153,40,0,1,9,13,2,0,62
2021-12-31,3573,343,3988,41130,141,738,19,2513,303,476,150,2495,424,175,301,150,842,817,457,379,275,113,36,3,2,9,1,4,29,93
2022-01-01,3386,346,3547,40943,211,771,16,2293,306,493,151,2296,405,195,298,151,779,734,462,321,263,108,34,8,2,9,5,4,70,113
2022-01-02,2882,333,3291,40516,103,587,17,2038,240,401,123,1980,372,144,257,123,666,643,374,297,243,97,32,2,1,2,2,16,53,27
2022-01-03,2690,300,3535,39651,55,540,20,1860,270,349,135,1816,376,151,198,135,618,550,341,307,244,100,32,15,0,1,2,9,0,28
2022-01-04,2842,332,2862,39615,33,676,14,1882,270,446,139,1875,368,154,292,139,625,555,377,318,222,109,37,4,2,1,1,16,0,9
2022-01-05,3270,252,3195,39664,61,707,14,2238,311,457,158,2197,445,174,283,158,723,726,404,344,273,137,35,6,0,2,26,4,0,23
2022-01-06,3543,364,3484,39707,111,778,19,2430,316,514,190,2387,443,197,317,190,823,765,434,365,296,114,33,21,0,2,6,7,7,68
2022-01-07,3381,319,3447,39628,72,746,18,2229,388,556,177,2249,383,213,343,177,761,705,447,336,245,96,42,5,0,23,3,4,0,37
2022-01-08,3251,299,3161,39700,103,711,18,2183,339,467,156,2200,407,160,307,156,751,738,376,335,257,120,30,6,0,10,0,10,0,77
2022-01-09,2888,323,2714,39857,52,561,14,1968,345,430,160,1945,343,155,275,160,647,609,378,311,241,84,18,0,0,30,0,4,0,18
2022-01-10,2641,338,2808,39678,73,571,19,1757,294,419,160,1709,334,157,262,160,570,510,351,278,193,91,50,0,7,9,42,0,0,15
2022-01-11,3175,272,2977,39867,171,708,18,2110,339,503,231,2080,346,180,323,231,772,640,376,292,215,101,30,3,9,28,10,52,0,69
2022-01-12,3198,303,3200,39846,164,715,27,2096,360,492,168,2151,368,171,321,168,769,690,399,293,241,96,31,7,40,6,7,49,0,55
2022-01-13,3684,321,3292,40217,150,807,17,2472,388,598,211,2482,370,209,389,211,893,812,442,335,242,95,33,5,29,33,1,38,0,44
2022-01-14,3346,267,3052,40500,158,750,22,2221,353,478,209,2301,336,186,292,209,950,666,396,289,228,83,25,0,8,14,1,99,0,36
2022-01-15,3074,319,2828,40730,134,672,11,2036,355,437,186,2112,311,164,273,186,809,644,353,306,217,74,20,23,6,8,6,69,0,22
2022-01-16,3010,263,2584,41142,292,634,14,2021,341,429,256,2048,260,162,267,256,854,612,316,266,165,71,24,0,20,18,40,183,0,31
2022-01-17,2342,180,2907,40564,199,489,15,1573,265,349,273,1473,239,118,231,273,574,440,265,194,155,66,18,20,0,4,11,151,0,13
2022-01-18,3245,274,3093,40704,388,636,15,2198,396,449,444,2033,312,159,290,444,816,604,324,289,202,86,24,0,22,7,17,297,0,45
2022-01-19,3229,239,2848,41074,457,643,18,2188,380,431,451,2095,243,167,264,451,840,621,337,297,158,64,21,0,1,0,1,415,0,40
2022-01-20,3764,522,3254,41568,514,741,26,2408,589,491,526,2388,343,178,313,526,903,683,447,355,220,91,32,0,2,1,14,378,2,117
2022-01-21,4046,489,2804,42800,672,711,26,2688,621,471,667,2525,354,175,296,667,1017,744,426,338,240,85,29,0,11,5,0,594,0,62
2022-01-22,4116,498,2858,44050,441,758,26,2635,697,556,510,2695,335,181,375,510,1053,800,461,381,242,78,15,0,3,3,2,365,7,61
2022-01-23,3856,492,2814,45078,532,757,18,2385,696,540,468,2500,332,158,382,468,1002,742,422,334,223,85,24,0,1,4,1,477,0,49
2022-01-24,3214,406,3116,45164,371,608,12,2015,579,403,462,2012,322,144,259,462,766,608,371,267,218,78,26,0,19,0,0,330,0,22
2022-01-25,4066,442,3559,45666,530,778,20,2506,762,547,588,2594,321,183,364,588,1001,766,486,341,229,75,17,0,4,3,0,452,0,71
2022-01-26,4744,429,3646,46752,632,947,27,2923,847,624,634,3160,302,178,446,634,1237,988,572,363,195,82,25,0,5,5,5,459,0,158
2022-01-27,5439,332,4409,47771,1014,977,34,3440,988,679,957,3450,331,223,456,957,1529,959,578,384,217,88,26,0,4,7,6,920,0,77
2022-01-28,5522,373,3285,49995,632,1172,22,3269,1059,810,592,3758,346,240,570,592,1689,1116,603,350,222,92,32,0,0,3,5,381,0,243
2022-01-29,5139,226,3767,51358,474,1041,29,2996,1073,737,591,3434,342,213,524,591,1485,1054,545,350,233,81,28,0,0,0,2,342,3,127
2022-01-30,4915,188,3056,53209,530,1020,31,2801,1063,704,545,3306,344,226,478,545,1409,1034,527,336,244,76,24,0,0,7,14,382,17,110
2022-01-31,4774,152,3232,54743,483,1026,27,2610,1111,749,539,3134,327,213,536,539,1296,957,543,338,231,80,16,0,0,17,8,383,1,74
2022-02-01,5566,227,3187,57110,363,1159,19,3095,1293,824,530,3811,384,277,547,530,1632,1183,600,396,244,105,35,0,2,6,4,285,3,63
2022-02-02,5736,183,3196,59638,547,1169,24,3186,1357,801,497,4054,368,270,531,497,1717,1263,660,414,245,89,34,0,0,8,12,355,3,169
2022-02-03,5720,130,3968,61383,374,1122,34,3056,1508,847,488,3981,385,295,552,488,1614,1310,641,416,251,102,32,0,0,4,14,279,4,73
2022-02-04,7234,234,5254,63350,493,1388,35,3771,2040,973,581,5105,506,325,648,581,2106,1594,914,491,335,129,42,0,2,8,5,292,33,153
2022-02-05,9117,134,6546,65910,358,1754,34,4513,2816,1306,712,6393,644,424,882,712,2632,2056,1058,647,421,178,45,0,0,38,10,235,2,73
2022-02-06,10089,143,6460,69520,474,2025,31,4996,3037,1499,858,6938,778,533,966,858,2757,2276,1170,735,502,199,77,0,5,12,22,303,0,132
2022-02-07,11034,77,6036,74503,276,2142,43,5511,3338,1649,937,7591,852,573,1076,937,3091,2348,1287,865,545,222,85,0,1,15,4,161,1,94
2022-02-08,13944,153,5421,83006,347,2610,50,6791,4493,1968,1174,9578,1117,672,1296,1174,3930,2864,1691,1093,706,308,103,0,0,1,18,235,8,85
2022-02-09,17134,130,5681,94444,726,3228,64,8547,5295,2373,1581,11794,1329,829,1544,1581,4835,3571,2068,1320,849,360,120,0,0,36,35,524,1,130
2022-02-10,19090,134,5712,107798,413,3647,75,9216,6152,2687,1541,13392,1417,907,1780,1541,5412,4107,2290,1583,925,371,121,0,0,0,42,190,13,168
2022-02-11,20939,121,5807,122903,740,3868,105,10121,6845,2942,1836,14686,1455,978,1964,1836,6192,4291,2548,1655,949,386,120,0,6,10,22,449,15,238
2022-02-12,22802,94,5442,140234,658,4089,86,10838,7789,3027,1797,16321,1640,1076,1951,1797,6652,5108,2765,1796,1102,400,138,0,0,4,175,279,53,147
2022-02-13,21072,65,5724,155546,407,3832,92,9778,7370,2802,1608,15081,1526,980,1822,1608,6150,4550,2652,1729,1018,391,117,0,1,1,24,338,0,43
2022-02-14,21315,81,8517,168307,610,3804,95,10405,7011,2759,1594,15373,1557,990,1769,1594,6286,4647,2723,1717,1030,382,145,0,0,0,10,426,1,173
2022-02-15,22133,80,7584,182823,448,4008,101,10395,7629,3020,1611,15673,1731,1048,1972,1611,6095,4802,2930,1846,1126,452,153,0,0,0,16,372,3,57
2022-02-16,27831,118,7912,202699,1019,5105,159,12950,9617,3812,2177,19788,1984,1266,2546,2177,7874,6016,3622,2276,1273,542,169,7,0,0,8,724,141,139
2022-02-17,26701,132,11744,217613,757,5004,167,12315,9215,3736,2019,19004,1867,1253,2483,2019,7430,5825,3462,2287,1207,484,176,0,0,8,24,572,4,149
2022-02-18,27808,119,12488,232878,726,5016,226,12599,9967,3815,2143,19726,2069,1328,2487,2143,7666,6059,3653,2348,1370,542,157,0,0,0,28,625,8,65
2022-02-19,28825,91,18514,243144,536,5110,208,12809,10698,3912,2068,20581,2170,1407,2505,2068,8050,6387,3771,2373,1412,567,191,0,0,0,12,433,36,55
2022-02-20,26832,68,18459,251469,595,4710,228,11782,10112,3637,1828,19331,1972,1296,2341,1828,7593,5998,3497,2243,1223,554,195,0,0,0,26,449,17,103
2022-02-21,25099,85,17749,258776,275,4404,202,10950,9543,3375,1676,18041,1964,1210,2165,1676,6798,5647,3389,2207,1242,535,187,0,0,0,3,233,1,38
2022-02-22,27179,120,19037,266862,428,4843,265,11755,10316,3783,1765,19424,2125,1350,2433,1765,7402,6073,3634,2315,1373,568,184,0,0,0,13,337,2,76
2022-02-23,31199,119,20399,277607,629,5649,366,12930,12254,4389,2067,21944,2554,1595,2794,2067,8591,6838,3926,2589,1549,739,266,0,0,0,13,504,38,72
2022-02-24,32070,209,23332,286286,543,5123,391,13065,13491,4013,1911,23538,2553,1557,2456,1911,8445,7674,4581,2838,1692,620,241,0,0,21,96,317,9,100
2022-02-25,30644,257,22678,294201,525,5227,371,12267,12779,3934,1629,22540,2491,1552,2382,1629,8667,6968,4242,2663,1634,652,205,0,0,0,45,141,97,242
2022-02-26,27299,256,22710,298726,372,4614,415,10490,11780,3548,1462,19914,2296,1455,2093,1462,7455,6325,3808,2326,1428,646,222,0,0,20,40,246,22,44
2022-02-27,24466,246,22380,300748,270,4184,322,9224,10736,3232,1250,17716,2157,1345,1887,1250,6683,5575,3296,2162,1363,585,209,0,0,0,4,81,0,185
2022-02-28,23100,298,30624,293162,154,3700,417,8526,10457,2897,1188,16748,2178,1230,1667,1188,6042,5454,3191,2061,1321,636,221,0,0,11,5,66,4,68
2022-03-01,25854,448,25548,293390,484,4080,379,9411,11984,3205,1291,18785,2480,1350,1855,1291,7065,5942,3460,2318,1602,645,233,0,0,0,52,191,6,235
2022-03-02,27500,428,27557,293255,362,4424,481,9709,12886,3530,1300,19879,2688,1619,1911,1300,7385,6267,3767,2460,1690,748,250,0,0,0,54,106,19,183
2022-03-03,32467,413,27629,298014,472,4995,584,11500,15388,4139,1586,23662,2945,1833,2306,1586,9003,7569,4253,2837,1884,775,286,0,0,8,40,256,34,134
2022-03-04,33209,441,26352,304794,472,5188,618,10992,16411,4165,1517,24396,3044,1880,2285,1517,8977,7911,4498,3010,1865,863,316,0,0,6,27,264,20,155
2022-03-05,33406,342,27143,310979,394,4929,621,10850,17006,4011,1508,24815,3072,1800,2211,1508,9184,8120,4610,2901,1942,807,323,0,0,9,75,127,72,111
2022-03-06,27435,254,30335,308004,216,4082,524,8670,14159,3330,1110,20164,2692,1573,1757,1110,7310,6649,3766,2439,1622,757,313,0,0,0,9,57,5,145
2022-03-07,26856,211,30726,304057,487,3838,555,8792,13671,3198,1188,19679,2680,1537,1661,1188,7235,6369,3731,2344,1590,792,298,0,0,3,3,369,8,104
2022-03-08,31490,473,29035,306437,498,4436,657,9779,16618,3721,1327,23306,3048,1773,1948,1327,8820,7477,4253,2756,1840,869,339,0,0,10,34,345,0,109
2022-03-09,30246,418,26653,309940,327,4279,643,9094,16230,3513,1244,22251,3161,1719,1794,1244,8097,7236,4142,2776,1921,917,323,0,0,6,15,185,42,79
2022-03-10,30787,608,26457,314189,282,4447,666,9103,16571,3715,1293,22491,3092,1815,1900,1293,8125,7332,4174,2860,1851,905,336,0,0,1,14,153,18,96
2022-03-11,32800,541,24444,322470,309,4779,774,9105,18142,4045,1276,23961,3348,1966,2079,1276,8768,7782,4329,3082,2060,927,361,0,0,3,42,97,58,109
2022-03-12,26250,545,25089,323519,269,3568,708,7138,14836,3078,984,19372,2814,1511,1567,984,6951,6227,3712,2482,1724,788,302,0,0,3,42,97,58,109
2022-03-13,22535,361,25356,320609,163,3221,506,6045,12763,2735,836,16449,2436,1426,1309,836,5952,5363,3028,2106,1448,700,288,0,0,7,40,8,61,153
2022-03-14,22030,394,33872,308679,180,3133,549,5813,12535,2653,744,16293,2311,1380,1273,744,5818,5165,3167,2143,1339,677,295,0,0,3,7,56,10,104
2022-03-15,26534,691,31234,303906,340,3815,672,6590,15457,3308,1039,19292,2746,1671,1637,1039,6936,6295,3590,2471,1679,767,300,0,0,3,7,56,10,104
2022-03-16,28298,697,33009,299118,235,4378,746,7176,15998,3394,1079,20743,2894,1627,1767,1079,7429,6789,3923,2602,1762,783,349,0,0,0,40,227,12,61
2022-03-17,27004,719,29450,296604,447,3806,756,6332,16110,3211,914,19763,2838,1600,1611,914,6934,6514,3811,2504,1719,774,345,0,0,3,131,80,107,126
2022-03-18,24241,521,26615,294170,174,3327,692,5894,14328,2930,903,17754,2517,1482,1448,903,6227,5828,3363,2336,1488,726,303,0,0,5,37,74,2,56
2022-03-19,22341,524,33347,283101,324,3196,683,4986,13476,2783,842,16138,2300,1379,1404,842,5683,5395,3052,2008,1409,616,275,0,0,3,72,68,9,172
2022-03-20,19105,386,28250,273889,96,2694,578,4217,11616,2468,689,13991,1948,1269,1199,689,4915,4565,2618,1893,1189,508,251,0,0,2,28,47,2,17
2022-03-21,17828,407,28003,263660,56,2671,553,4104,10500,2357,709,12703,1900,1143,1214,709,4424,4118,2466,1695,1114,541,245,0,0,0,13,24,0,19
2022-03-22,21483,394,32561,252517,173,2972,723,4619,13169,2743,780,15613,2135,1296,1447,780,5509,5134,2982,1988,1242,591,302,0,0,0,44,83,1,45
2022-03-23,22491,382,26234,248726,106,3170,724,4696,13901,2779,791,16423,2282,1368,1411,791,5266,5515,3459,2183,1325,652,305,0,0,0,44,83,1,45
2022-03-24,24316,297,25512,247483,173,3035,862,5160,15259,2893,1051,17734,2411,1280,1613,1051,6016,5899,3545,2274,1435,695,281,0,0,0,52,15,0,39
2022-03-25,21839,287,22324,246959,38,3006,872,4724,13237,2911,1023,15464,2080,1236,1675,1023,5349,5039,3061,2015,1237,587,256,0,0,0,61,17,0,95
2022-03-26,20923,228,25467,242372,39,3028,906,4156,12833,2970,923,14765,2082,1312,1658,923,4938,4911,2958,1958,1244,586,252,0,0,0,16,16,0,6
2022-03-27,16863,238,26171,233019,30,2186,714,3388,10575,2403,757,12050,1647,1105,1298,757,4098,4035,2347,1570,992,461,194,0,0,0,7,18,0,14
2022-03-28,13336,189,25552,220780,51,2018,515,2508,8295,1851,496,9256,1465,861,990,496,3046,3064,1868,1278,839,438,188,0,0,0,11,19,0,21
2022-03-29,15215,250,24154,211837,47,2316,609,3084,9206,2171,642,10605,1545,970,1201,642,3545,3555,2125,1380,891,455,199,0,0,0,17,29,0,1
2022-03-30,15941,168,21186,206592,60,2301,692,3147,9801,2267,739,11186,1511,907,1360,739,3787,3797,2163,1439,939,405,167,0,0,0,45,12,0,3